taskID,name,field_ra,field_dec,telescopes,duration,quality,beamPattern
200203046,S2328+3848,352.1875,38.808889,2346789ABCD,41400,bad,square_39p1
200614001,M0141+3356,25.495833,33.944444,23456789ABCD,41400,bad,square_39p1
200816041,S2130+4340,322.729167,43.673056,23456789ACD,41400,bad,square_39p1
210518009,S1308+5324,197.179167,53.401389,23456789ABCD,41820,bad,square_39p1
210618128,M2214+3130,333.691667,31.5125,456789ABCD,41400,bad,square_39p1
210619041,S2221+3356,335.495833,33.944444,456789ABCD,41400,bad,square_39p1
210620041,S1318+5550,199.55,55.833333,456789ABCD,41400,bad,square_39p1
