taskID,name,field_ra,field_dec,telescopes,duration,quality,beamPattern
200203046,S2328+3848,352.1875,38.808889,2346789ABCD,41400,bad,square_39p1
200614001,M0141+3356,25.495833,33.944444,23456789ABCD,41400,bad,square_39p1
200816041,S2130+4340,322.729167,43.673056,23456789ACD,41400,bad,square_39p1
